facility id,notification,Attorney,Total,url,violation_data,equipment
12505 ,HRB2178,KCM,500.0,http://www3.aqmd.gov/webappl/fim/prog/novdetail.aspx?novid=HRB2178&notice_type=NOV&fac_id=12505 ,,
12505 ,HRB2178,INT,500.0,http://www3.aqmd.gov/webappl/fim/prog/novdetail.aspx?novid=HRB2178&notice_type=NOV&fac_id=12505 ,,
138372,HRB2175,INT,3000.0,http://www3.aqmd.gov/webappl/fim/prog/novdetail.aspx?novid=HRB2175&notice_type=NOV&fac_id=138372,,
2013,HRB2175,INT,3000.0,http://www3.aqmd.gov/webappl/fim/prog/novdetail.aspx?novid=HRB2175&notice_type=NOV&fac_id=2013,,
165209,HRB2174,INT,1000.0,http://www3.aqmd.gov/webappl/fim/prog/novdetail.aspx?novid=HRB2174&notice_type=NOV&fac_id=165209,,
178133,P53993,KCM,4500.0,http://www3.aqmd.gov/webappl/fim/prog/novdetail.aspx?novid=P53993&notice_type=NOV&fac_id=178133,1) NOT REMOVING ALL ACM PRIOR TO RENOVATION; 2) NOT COLLECTING ASBESTOS IN LEAK TIGHT BAGS; 3) NOT HANDLING ACM WITHOUT DAMAGING IT; 4) NOT WETTING ACWM.,
164199,P61391,KCM,4500.0,http://www3.aqmd.gov/webappl/fim/prog/novdetail.aspx?novid=P61391&notice_type=NOV&fac_id=164199,NOT PERFORMING A THOROUGH ASBESTOS SURVEY PRIOR TO DEMOLITION; NO NOTIFICATION OF ASBESTOS REMOVAL TO SCAQMD; NOT USING ACM REMOVAL PROCEDURES; NOT COLLECTING AND PLACING ACM IN LABELED LEAK-TIGHT CONTAINERS; NOT WETTING ACWM;,PERFORMED ASBESTOS REMOVAL WITHOUT VALID CAL OSHA (DOSH) REGISTRATION; NOT USING WORKERS WITH CERTIFIED ASBESTOS TRAINING.
129949,P64262,KCM,2700.0,http://www3.aqmd.gov/webappl/fim/prog/novdetail.aspx?novid=P64262&notice_type=NOV&fac_id=129949,LAST VAPOR REVERIFICATION VAPOR RECOVERY TEST CONDUCTED 4/23/2015 - DISPENSERS #7 AND #8 DID NOT PASS VAPOR TO LIQUID RATIO TEST AND VEEDER ROOT ISD OP TEST. NO RECORDS DISPENSER RETESTED AND PASSED. OBSERVED DISPENSERS #7 AND#8 IN OPERATION WITH VEHICLES,FUELING. SITE IN VIOLATION FOR OPERATING AFTER A FAILED TEST. DISPENSERS #7 AND #18 WERE TAGGED OUT OF SERVICE ON THIS DATE. SCHEDULE A RETEST AND REPAIR.
11174 ,P49176,KCM,1500.0,http://www3.aqmd.gov/webappl/fim/prog/novdetail.aspx?novid=P49176&notice_type=NOV&fac_id=11174 ,"FACILITY OPERATED TANKS 6B AND 78 WITHOUT THE ENTIRE LIQUID SURFACE OF THE TANKS COVERED WITH POLYBALLS, CONDITION 9, PERMIT TO OPERATE G2209;","FACILITY FAILED TO INSTALL A PHYSICAL BARRIER TO SEPARATE THE BUFFING, GRINDING OR POLISHING AREA WITHIN A FACILITY FROM THE HEXAVALENT CHROMIUM ELECTROPLATING OR ANODIZING OPERATION."
94942 ,P59407,NSF,1000.0,http://www3.aqmd.gov/webappl/fim/prog/novdetail.aspx?novid=P59407&notice_type=NOV&fac_id=94942 ,facility operating 5 boilers which fail to meet emission requirements of Rule 1146.2,5 smallboilers Rule 1146.2
178083,P53992,KCM,7500.0,http://www3.aqmd.gov/webappl/fim/prog/novdetail.aspx?novid=P53992&notice_type=NOV&fac_id=178083,1) NOT REMOVING ALL ACM PRIOR TO RENOVATION; 2) NOT COLLECTING ASBESTOS IN LEAK TIGHT BAGS; 3) NOT HANDLING ACM W/O DAMAGING IT; 4) NOT WETTING ACWM.,
155049,P62011,MJR,1000.0,http://www3.aqmd.gov/webappl/fim/prog/novdetail.aspx?novid=P62011&notice_type=NOV&fac_id=155049,The facility was operating all permitted equipment while emitting VOCs that were in excess of the facility-wide permit limit of 667 lbs of VOC in any calendar month; the facility failed to maintain VOC material usage records and VOC emission reports in th,"spray booths, drying equipment"
124723,P55539,TRB,90000.0,http://www3.aqmd.gov/webappl/fim/prog/novdetail.aspx?novid=P55539&notice_type=NOV&fac_id=124723,"1) Operating a carbon adsorber system without a permit. 2) Operating D37, D38, & D39 contrary to permit description",
124723,P55541,TRB,90000.0,http://www3.aqmd.gov/webappl/fim/prog/novdetail.aspx?novid=P55541&notice_type=NOV&fac_id=124723,"Failure to install, maintain and operate a totalizing fuel meter for D38.",
124723,P55542,TRB,90000.0,http://www3.aqmd.gov/webappl/fim/prog/novdetail.aspx?novid=P55542&notice_type=NOV&fac_id=124723,See Attached Sheet-Various Violations,
160190,P58083,RFL,2000.0,http://www3.aqmd.gov/webappl/fim/prog/novdetail.aspx?novid=P58083&notice_type=NOV&fac_id=160190,Operating a 145 hp Deutz engine without a permit to operate.,
88321 ,P61231,NSF,20000.0,http://www3.aqmd.gov/webappl/fim/prog/novdetail.aspx?novid=P61231&notice_type=NOV&fac_id=88321 ,Operating one diesel fueled ICE P/O F44718 located on school grounds without demonstrating diesel PM standards. Installing and operating one Cummins diesel fueled ICE rated 145 bhp equipped with a DPF without a valid P/C and/or P/O.,
88321 ,P61246,NSF,20000.0,http://www3.aqmd.gov/webappl/fim/prog/novdetail.aspx?novid=P61246&notice_type=NOV&fac_id=88321 ,Operating one diesel fueled ICE > 50 hp located on school grounds without demonstrating diesel PM standards. Operating one Cummins diesel fueled ICE > 50 hp without a valid permit to operate.,
176952,P60577,NSF,3000.0,http://www3.aqmd.gov/webappl/fim/prog/novdetail.aspx?novid=P60577&notice_type=NOV&fac_id=176952,Failure to sumbit an APEP report on or before the last day of the reconciliation period for the 2015 Compliance Year.,
3665,P61603,MJR,3500.0,http://www3.aqmd.gov/webappl/fim/prog/novdetail.aspx?novid=P61603&notice_type=NOV&fac_id=3665,* See report section,
110450,P59526,KCM,1800.0,http://www3.aqmd.gov/webappl/fim/prog/novdetail.aspx?novid=P59526&notice_type=NOV&fac_id=110450,Failure to demonstrate compliance with NOx emission limits of 60 ppm by Table 2 deadline for each wax burn off oven ( and associated afterburner). Failure to demonstrate compliance with NOx emission limits of 30 ppm for each boiler.,"Boilers, Ovens"
110450,P59531,KCM,1800.0,http://www3.aqmd.gov/webappl/fim/prog/novdetail.aspx?novid=P59531&notice_type=NOV&fac_id=110450,Failure to demonstrate compliance with NOx emission limits of 60 ppm by Table 2 deadline for each wax burn off oven. Failure to demonstrate compliance with NOx emission limits of 30 ppm for each boiler,Oven and Boiler
158448,P64315,MJR,500.0,http://www3.aqmd.gov/webappl/fim/prog/novdetail.aspx?novid=P64315&notice_type=NOV&fac_id=158448,OPERATING GDF WITHOUT A VALID AQMD PERMIT TO OPERATE - N24579 SHOWS 3 GASOLINE COMPARTMENTS - ONLY 2 COMPARTMENTS ACTUALLY INSTALLED/IN USE.,
144734,P63124,MJR,3590.0,http://www3.aqmd.gov/webappl/fim/prog/novdetail.aspx?novid=P63124&notice_type=NOV&fac_id=144734,FAILURE TO SHOW COMPLIANCE BY OPERATING SITE W/O PROPER MAINTENANCE AND GOOD OPERATING CONDITIONS.(TEST MANUALLY CLEARED) FAILURE TO MAINTAIN THROUGHPUT RECORDS FROM NOV. 2015 AS REQURED BY RULE 461 (E) (6) (D) & PERMIT CONDITIONS. FAILURE TO OPERATE,FACILITY IN COMPLIANCE  W/O MAJOR VAPOR RECOVERY DEFECTS FROM ISD DOWN LOAD OF 5/9/13 TO 5/3/16.
177195,P60156,KCM,3750.0,http://www3.aqmd.gov/webappl/fim/prog/novdetail.aspx?novid=P60156&notice_type=NOV&fac_id=177195,NO PRIOR ASBESTOS SURVEY; NO NOTIF.; IMPROPER ASBESTOS REMOVAL PROCEDURES; IMPROPER HANDLING OF ACWM; NO ONSITE ASBESTOS SUPV.; FAILURE TO DISPOSE OF ACWM AT ASBESTOS LANDFILL; ACWM NO LABELED PER R-1403(e)(1)(A) & (B); NO HAZARDOUS WASTE SHIPMENT REC.;,NO RENOVATION RECORDS; NO AHERA TRAINING FOR SUPV. OR WORKERS
45203,P62371,RFL,3000.0,http://www3.aqmd.gov/webappl/fim/prog/novdetail.aspx?novid=P62371&notice_type=NOV&fac_id=45203,Operation of a permitted drying oven without demonstrating compliance with NOx emission limit.,P/O # F78623
177621,P59713,MJR,2500.0,http://www3.aqmd.gov/webappl/fim/prog/novdetail.aspx?novid=P59713&notice_type=NOV&fac_id=177621,"Operating portable ICE rated > 50 BHP, and Forage Compacting (Hay Baling) System.without P/O from the AQMD","ICE, and Forage Compacting (Hay Baling) System."
171941,P60873,NSF,2500.0,http://www3.aqmd.gov/webappl/fim/prog/novdetail.aspx?novid=P60873&notice_type=NOV&fac_id=171941,Failure to submit 500-ACC form in a timely manner.,"TItle V - pultrusion, extrusion"
148568,P61718,MJR,750.0,http://www3.aqmd.gov/webappl/fim/prog/novdetail.aspx?novid=P61718&notice_type=NOV&fac_id=148568,Failure to submit the completed and signed 500-SAM on or before 8/31/2014,
9720 ,P62754,KCM,1500.0,http://www3.aqmd.gov/webappl/fim/prog/novdetail.aspx?novid=P62754&notice_type=NOV&fac_id=9720 ,causing public nuisance to a considerable number of people,dead  animal removal and disposal facility
2083 ,P60550,NSF,250.0,http://www3.aqmd.gov/webappl/fim/prog/novdetail.aspx?novid=P60550&notice_type=NOV&fac_id=2083 ,Failure to submit an Annual Permit Emissions Program (APEP) report for the 2013 Compliance Year.,
2083 ,P60527,NSF,10000.0,http://www3.aqmd.gov/webappl/fim/prog/novdetail.aspx?novid=P60527&notice_type=NOV&fac_id=2083 ,R1146.1(d)(7)(A); 3002(c)(1),
146536,P64404,NSF,5000.0,http://www3.aqmd.gov/webappl/fim/prog/novdetail.aspx?novid=P64404&notice_type=NOV&fac_id=146536,2015 1st quarter QCER was determined to be inaccurate,
8574 ,SRV2017-6,KCM,23400.0,http://www3.aqmd.gov/webappl/fim/prog/novdetail.aspx?novid=SRV2017-6&notice_type=NOV&fac_id=8574 ,,
2344 2,P63673,KCM,1500.0,http://www3.aqmd.gov/webappl/fim/prog/novdetail.aspx?novid=P63673&notice_type=NOV&fac_id=2344 2,Fire pump exceeded 20 hours/year for maintenance and testing.,1 Fire Pump
136967,P63131,KCM,360.0,http://www3.aqmd.gov/webappl/fim/prog/novdetail.aspx?novid=P63131&notice_type=NOV&fac_id=136967,Failure to maintain gasoline disposing system in good working order in accordance w/ manufuctures specification of the certified system; Operating a gasoline dispensingsystem w/ a major defect: Nozzle #8 live lever when vapor sleeve is uncompressed.,
177975,P64909,KCM,2400.0,http://www3.aqmd.gov/webappl/fim/prog/novdetail.aspx?novid=P64909&notice_type=NOV&fac_id=177975,"Permitted equipment operating contrary to Permit Condition: maximum gasoline throughput exceeded 500,000 in one calendar month - March and May 2016",
165878,P64658,KCM,300.0,http://www3.aqmd.gov/webappl/fim/prog/novdetail.aspx?novid=P64658&notice_type=NOV&fac_id=165878,FAILURE TO OPERATE & MAINTAIN THE VAPOR RECOVERY SYSTEM & ASSOCIATED COMPONENTS IN A MANNER IN ACCORDANCE WITH MANUFACTURER'S SPECIFICATIONS & CARB CERTIFICATION- FAULTY INSERTION INTERLOCK MECHANISM ON PUMP #6. FAILURE TO OPERATE & MAINTAIN SAID,EQUIPMENT WITH NO MAJOR DEFECT. FAILURE TO MAINTAIN ALL INSTALLED SYSTEMS FOR THE CONTROL OF GASOLINE VAPORS IN GOOD WORKING ORDER IN ACCORDANCE WITH THE MANUFACTURER'S SPECIFICATIONS.
181202,P61730,KCM,1500.0,http://www3.aqmd.gov/webappl/fim/prog/novdetail.aspx?novid=P61730&notice_type=NOV&fac_id=181202,Operating a diesel fueled internal combustion engine over 50 bhp without first obtaining an AQMD permit to operate.,Portable ICE
183609,P64021,KCM,1925.0,http://www3.aqmd.gov/webappl/fim/prog/novdetail.aspx?novid=P64021&notice_type=NOV&fac_id=183609,403(d)(4): Allowing or causing trackout to extend 25 feet or more in cumulative length.,Construction Site Trackout
121107,P63132,KCM,2000.0,http://www3.aqmd.gov/webappl/fim/prog/novdetail.aspx?novid=P63132&notice_type=NOV&fac_id=121107,Failure to install customer complaint  instruction signs andnumbers on nozzle 5 and 6; failure to change nozzle # 6 with a slow interlock.,
157468,P56740,KCM,1500.0,http://www3.aqmd.gov/webappl/fim/prog/novdetail.aspx?novid=P56740&notice_type=NOV&fac_id=157468,Facility exceed monthly VOC usage limit of 667 lbs.,psb
180649,P64753,KCM,2500.0,http://www3.aqmd.gov/webappl/fim/prog/novdetail.aspx?novid=P64753&notice_type=NOV&fac_id=180649,"conducting an active operation without a valid fugitive dust control plan, and failure to install dust control signage prior to active operation earth movement.",N/A
179636,P63046,KCM,2400.0,http://www3.aqmd.gov/webappl/fim/prog/novdetail.aspx?novid=P63046&notice_type=NOV&fac_id=179636,OPERATING CONTRARY TO PERMIT N29518 CONDITION #2. FAILURE TO MAINTAIN EQUIPMENT & KEEP IN GOOD OPERATING CONDITION AT ALL TIMES. FAILURE TO OPERATE & MAINTAIN THE VRS & ASSOCIATED COMPONENTS IN ACCORDANCE WITH MANUFACTURER SPECS & CARB CERTIFICATION.,"OPERATING WITH MAJOR DEFECTS (UNCERTIFIED BREAKAWAYS ON PUMPS 1,5,6 & 9) FAILURE TO OPERATE/MAINTAIN A GDF IN GOOD WORKING ORDER IN ACCORDANCE WITH THE MANUFACTURER'S SPECIFICATIONS OF THE SYSTEM."
82987 ,P62912,KCM,450.0,http://www3.aqmd.gov/webappl/fim/prog/novdetail.aspx?novid=P62912&notice_type=NOV&fac_id=82987 ,Failure to remove and clean the cooling coils every two years.,Realstar Perc dry cleaning machine.
152386,P64293,KCM,750.0,http://www3.aqmd.gov/webappl/fim/prog/novdetail.aspx?novid=P64293&notice_type=NOV&fac_id=152386,GASOLINE DISPENSING FACILITY IS OPERATING WITH THE VAPOR PROCESSOR MODE ON THE VEEDER-ROOT ISD INCORRECTLY SET IN MANUAL MODE. FAILURE TO OPERATE THE VAPOR PROCESSOR IN ACCORDANCE TO MANUFACTURER'S SPECIFICATIONS.,
164149,P64312,KCM,1600.0,http://www3.aqmd.gov/webappl/fim/prog/novdetail.aspx?novid=P64312&notice_type=NOV&fac_id=164149,OPERATING A GASOLINE DISPENSING FACILITY CONTRARY TO CARB CERTIFICATION - ALL NOZZLES NOT RETURNING V/L DATA TO VEEDER ROOT ISD - NO COLLECTION ASSESSMENTS BEING MADE BY ISD SINCE 10/07/2015.,
172481,P62386,KCM,750.0,http://www3.aqmd.gov/webappl/fim/prog/novdetail.aspx?novid=P62386&notice_type=NOV&fac_id=172481,Operation of a diesel-fueled ICE rated > 50 bhp without a valid SCAQMD P/O.,
172482,P62387,KCM,750.0,http://www3.aqmd.gov/webappl/fim/prog/novdetail.aspx?novid=P62387&notice_type=NOV&fac_id=172482,Operation of a diesel-fueled ICE rated > 50 bhp without a valid SCAQMD P/O.,
180585,P65507,KCM,50.0,http://www3.aqmd.gov/webappl/fim/prog/novdetail.aspx?novid=P65507&notice_type=NOV&fac_id=180585,"The company installed a Primo Coffee Roaster, M/N PRI-35, without first obtaining written authorization for such construction from the Executive Officer.",Coffee Roaster capacity greater than 10 lb.
57211,P64209,KCM,375.0,http://www3.aqmd.gov/webappl/fim/prog/novdetail.aspx?novid=P64209&notice_type=NOV&fac_id=57211,Failure to store solvent containing waste in sealed containers.,
148614,P63607,KCM,3000.0,http://www3.aqmd.gov/webappl/fim/prog/novdetail.aspx?novid=P63607&notice_type=NOV&fac_id=148614,"Facility exceeded monthly gasoline throughput limit of 10,000 gallons 6 months for 2013 and 7 months for 2015.  Facility exceeded 120,000 gallons per year limit of gasoline dispensed in 2015. These are violations of Permit N28962.",
183472,P64752,KCM,2500.0,http://www3.aqmd.gov/webappl/fim/prog/novdetail.aspx?novid=P64752&notice_type=NOV&fac_id=183472,"conducting an active operation without a valid fugitive dust control plan, and failure to install dust control signage prior to active operation earth movement.",N/A
147863,P63123,KCM,800.0,http://www3.aqmd.gov/webappl/fim/prog/novdetail.aspx?novid=P63123&notice_type=NOV&fac_id=147863,FAILURE TO SHOW COMPLIANCE BY: PHASE II EQUIPMENT NOT OPERATED AND/OR MAINTAINED IN ACCORDANCE WITH CARB; NOT PROPERLY MAINTAINING AND KEEPING IN GOOD OPERATING CONDITION THE VAPOR RECOVERY SYSTEM FOR ABOVE SITE. OPERATING FACILITY WITH A MAJOR DEFECT,(CLEAN AIR SEPARATOR WITH AN INLET BALL VALVE IN THE CLOSED POSITION.
115402,P64959,KCM,375.0,http://www3.aqmd.gov/webappl/fim/prog/novdetail.aspx?novid=P64959&notice_type=NOV&fac_id=115402,"OPERATING A GASOLINE DISPENSING FACILITY WITHOUT A VALID PERMIT. FACILITY FAILED TO APPLY FOR NEW PERMIT BEFORE INSTALLING ISD. FAILURE TO TEST SEMI_ANNUALLY WHEN THE FACILITY HAS A MAXIMUM THROUGHPUT GREATER THAN 100,000 GALLONS PER MTH. FAILURE TO TEST",IN THE SAME MONTH AS ESTABLISHED BY THE PERFORMANCE TEST ON 7/6/09.
122406,P60683,KCM,450.0,http://www3.aqmd.gov/webappl/fim/prog/novdetail.aspx?novid=P60683&notice_type=NOV&fac_id=122406,Installing and operating a Union petroleum solvent dry cleaning machine without a valid permit to construct/operate.,
115011,P64901,KCM,425.0,http://www3.aqmd.gov/webappl/fim/prog/novdetail.aspx?novid=P64901&notice_type=NOV&fac_id=115011,FAILURE TO POST DISTRICT REQUIRED SIGNS IN IMMEDIATE GASOLINE DISPENSING AREA. (MISSING AT ALL DISPENSERS),
73935 ,P62043,KCM,1400.0,http://www3.aqmd.gov/webappl/fim/prog/novdetail.aspx?novid=P62043&notice_type=NOV&fac_id=73935 ,The facility above was operating two Isuzu ICEs rated 150 HP without a SCAQMD permit to operate.,ICEs rated >50 HP
167786,P64205,KCM,800.0,http://www3.aqmd.gov/webappl/fim/prog/novdetail.aspx?novid=P64205&notice_type=NOV&fac_id=167786,"DRY CLEANING MACHINE OBSERVED OPERATING WITH EXPIRED PERMIT TO OPERATE, NO DAILY RECORDS KEPT.",
181526,P64153,KCM,1600.0,http://www3.aqmd.gov/webappl/fim/prog/novdetail.aspx?novid=P64153&notice_type=NOV&fac_id=181526,"failure to obtain permits to operate for the following: ICE Allis Chalmers make rated at 450 BHP; Boiler Thermo-pak make rated at 5,031,000 BTU","ICE, boiler"
183519,P65352,KCM,600.0,http://www3.aqmd.gov/webappl/fim/prog/novdetail.aspx?novid=P65352&notice_type=NOV&fac_id=183519,"Failure to maintain valid certificate, operating conditions and identification device with the equipment at all times. Failure to affix a placard on the registered equipment.",Portable Engine with CARB Registration number 166826.
175257,P61999,KCM,100.0,http://www3.aqmd.gov/webappl/fim/prog/novdetail.aspx?novid=P61999&notice_type=NOV&fac_id=175257,FAILURE TO CONDUCT VAPOR RECOVERY TESTING SEMI ANNUALLY - LATE VAPOR RECOVERY TEST IN DECEMBER 2015.,
141133,P59681,KCM,500.0,http://www3.aqmd.gov/webappl/fim/prog/novdetail.aspx?novid=P59681&notice_type=NOV&fac_id=141133,Failure to submit rule risk reduction plan/permit condition modification application,perc dry cleaning
159849,P64811,KCM,6400.0,http://www3.aqmd.gov/webappl/fim/prog/novdetail.aspx?novid=P64811&notice_type=NOV&fac_id=159849,314(i)(2) &(i)(3),
183634,P63367,KCM,1600.0,http://www3.aqmd.gov/webappl/fim/prog/novdetail.aspx?novid=P63367&notice_type=NOV&fac_id=183634,"Excavating soil containing VOC materials w/o an approved, valid onsite mitigation plan. Excavating soil containing VOC materials w/o SCAQMD notification. Excavating soil containing VOC materials w/o monitoring for VOC contamination.",
164164,P64203,KCM,225.0,http://www3.aqmd.gov/webappl/fim/prog/novdetail.aspx?novid=P64203&notice_type=NOV&fac_id=164164,OBSERVED OPERATING SPRAY BOOTH WITH AN EXPIRED PERMIT TO OPERATE.,
50310 ,P64559,NSF,4000.0,http://www3.aqmd.gov/webappl/fim/prog/novdetail.aspx?novid=P64559&notice_type=NOV&fac_id=50310 ,"Operating CAT ICE S/N:TWM00416, CAT ICE S/N:TWM00333, DAIMLER ICE S/N:904975-C-1027554, CBI GRINDER S/N:8400HZK4FRC273A0260, CBI GRINDER S/N:4860HZ34123A0640, DOPPSTADT SCREENER S/N:W09721244D2D38095",
108905,P64357,KCM,3400.0,http://www3.aqmd.gov/webappl/fim/prog/novdetail.aspx?novid=P64357&notice_type=NOV&fac_id=108905,"Weben - Jarco Inc boiler, rated at 500,000 BTU/hr: failing to demonstrate compliance with the NOx and CO emission limits of 30 and 400 ppm",Natural gas fired boiler
108905,P64362,KCM,3400.0,http://www3.aqmd.gov/webappl/fim/prog/novdetail.aspx?novid=P64362&notice_type=NOV&fac_id=108905,"Weben - Jarco Inc, rated at 500,000 BTU/hr: continuing failing to demonstrate compliance with the NOx and CO emission limits of 30 and 400 ppm",Natural gas fired water heater
120174,P60123,KCM,5000.0,http://www3.aqmd.gov/webappl/fim/prog/novdetail.aspx?novid=P60123&notice_type=NOV&fac_id=120174,The facility did not perform a source test and /or installed a retrofit demonstrating compliance with the emission requirements for the two Lochinvar boilers,"Two Lochinvar boilers, each rated at 745 MBtu/hr. manufactured in 1998."
120174,P60128,KCM,5000.0,http://www3.aqmd.gov/webappl/fim/prog/novdetail.aspx?novid=P60128&notice_type=NOV&fac_id=120174,"Facility was operating 2 Lochinvar boilers, each rated at 0.745 MMBtu/hr., manufactured in 1998 and failed demonstrating compliance with the emission requirements.",Two Lochinvar boilers.
167143,P60812,VKT,3500.0,http://www3.aqmd.gov/webappl/fim/prog/novdetail.aspx?novid=P60812&notice_type=NOV&fac_id=167143,Failure to provide certification for rule 461 daily inspection training. Failure to provide updated ISD alarm log & provide proof of a repairs. Failure to repair equipment with minor defects within 7 days ; (a.- dry break cap on regular tank closest to,dispensers #9/10 missing gasket. b.- no open rs-232 available) Failure to alter permit equipment description.
167143,P60837,VKT,3500.0,http://www3.aqmd.gov/webappl/fim/prog/novdetail.aspx?novid=P60837&notice_type=NOV&fac_id=167143,FAILURE TO ALTER PERMIT EQUIPMENT DESCRIPTION: A) TANKS INSTALLED ARE OPW (VR-102). PERMIT STATES PHIL-TITE TANKS ARE PRESENT (VR-101) B) 6 NOZZLES ARE INSTALLED. PERMIT STATES 10 NOZZLES ARE INSTALLED.,
167143,P62201,VKT,3500.0,http://www3.aqmd.gov/webappl/fim/prog/novdetail.aspx?novid=P62201&notice_type=NOV&fac_id=167143,"OPERATING WITHOUT A PERMIT TO OPERATE; TORN HOSE ON DISPENSER #4, 6, AND 7; OPERATING WITH A MAJOR DEFECT. FAILURE TO MAINTAIN A SEMI ANNUAL TEST SCHEDULE -LESS THAN 12 MONTHS OF THROUGHPUT RECORDS",
172780,P59342,NSF,10000.0,http://www3.aqmd.gov/webappl/fim/prog/novdetail.aspx?novid=P59342&notice_type=NOV&fac_id=172780,Operating a gasoline dispensing facility with major defects and countrary to CARB Executive orders: poppet on 89 tank is inoperative; operating after failed tests-v/l on 7/87 and 91 and 8/87 and 89; AB test on dispenser 7/8,
172780,P60801,NSF,10000.0,http://www3.aqmd.gov/webappl/fim/prog/novdetail.aspx?novid=P60801&notice_type=NOV&fac_id=172780,1.Operating a gasoline dispensing facility with a major defect and contrary to CARB exec. orders : motor on 8 (87) is inoperative. 2.Operating after a failed test : v/l on 8 (87) 3.Failure to replace equipment with minor defects within 7 days: torn hose,on #2. 4. Failure to provide updated ISD alarm log and manually clearing without proof of repair.
172780,P60828,NSF,10000.0,http://www3.aqmd.gov/webappl/fim/prog/novdetail.aspx?novid=P60828&notice_type=NOV&fac_id=172780,Operating a gasoline dispensing facility after a failed test: V/L on 8(87) failed; Removing the out of order tag from pump #8 without repairing and retesting for V/Ls,
172780,P61963,NSF,10000.0,http://www3.aqmd.gov/webappl/fim/prog/novdetail.aspx?novid=P61963&notice_type=NOV&fac_id=172780,FAILURE TO PROVIDE RECORDS DEMONSTRATING COMPLIANCE. FAILURE TO PROVIDE AUGUST - DECEMBER 2014 THROUGHPUT RECORDS. FAILURE TO PROVIDE 2014 REPAIR LOG. FAILURE TO RECORD ISD ALARMS.  OPERATING CONTRARY TO PERMIT. FAILURE TO COMPLY WITH NOTICE TO COMPLY,E29497. FAILURE TO POST AQMD DECALS ON DISPENSER #8.
172780,P61969,NSF,10000.0,http://www3.aqmd.gov/webappl/fim/prog/novdetail.aspx?novid=P61969&notice_type=NOV&fac_id=172780,FAILURE TO PROVIDE RECORDS DEMONSTRATING COMPLIANCE - FAILURE TO PROVIDE AUG - DEC 2014 MONTHLY THROUGHPUT RECORDS - FAILURE TO PROVIDE 2014 REPAIR LOG. OPERATING CONTRARY TO PERMIT CONDITIONS - FAILURE TO RECORD ISD ALARMS - FAILURE TO RESPOND,APPROPRIATELY TO ISD ALARMS.
177673,P59517,WBW,6000.0,http://www3.aqmd.gov/webappl/fim/prog/novdetail.aspx?novid=P59517&notice_type=NOV&fac_id=177673,Operation of open sand blast equipment and diesel fueled IC engine rated greater than 50 hp without a valid SCAQMD PO.,Abrasive Blast Equipment and ICE
800168,P53145,WBW,1500.0,http://www3.aqmd.gov/webappl/fim/prog/novdetail.aspx?novid=P53145&notice_type=NOV&fac_id=800168,Did not report quarterly mass emissions of NOx to the District Central Station for process sources for the last quarter of the 2013 compliance year,
3585 ,P56332,BTG,27500.0,http://www3.aqmd.gov/webappl/fim/prog/novdetail.aspx?novid=P56332&notice_type=NOV&fac_id=3585 ,Failure to report fuel usage at Standard Conditions for NOx Rule 219 emissions calculations.,NOx RECLAIM facility
3585 ,P56337,BTG,27500.0,http://www3.aqmd.gov/webappl/fim/prog/novdetail.aspx?novid=P56337&notice_type=NOV&fac_id=3585 ,Failed to reconcile Last Quarter NOx emissions.  Exceeded annual NOx Emissions Allocation at the end of the reconciliation period for that quarter,NOx RECLAIM facility
56191 ,P61656,NSF,250.0,http://www3.aqmd.gov/webappl/fim/prog/novdetail.aspx?novid=P61656&notice_type=NOV&fac_id=56191 ,operating a gasoline sipensing facility contrary to CARB certification -non operable RS232 port; nozzles #5-8 not mapped to ISD,
182157,SRV 2017-1,NSF,35000.0,http://www3.aqmd.gov/webappl/fim/prog/novdetail.aspx?novid=SRV 2017-1&notice_type=NOV&fac_id=182157,,
183198,P63048,NSF,350.0,http://www3.aqmd.gov/webappl/fim/prog/novdetail.aspx?novid=P63048&notice_type=NOV&fac_id=183198,OPERATING A GASOLINE DISPENSING FACILITY WITHOUT A VALID PERMIT (EQUIPMENT DESCRIPTION STATES SITE HAS ISD VERSION 1.05; SITE ACTUALLY HAS ISD VERSION 1.04),
175360,P64905,NSF,1100.0,http://www3.aqmd.gov/webappl/fim/prog/novdetail.aspx?novid=P64905&notice_type=NOV&fac_id=175360,"PERMITTED EQUIPMENT OBSERVED OPERATING CONTRARY TO PERMIT CONDITION(S): MAXIMUM GASOLINE THROUGHPUT LIMITS EXCEEDED 50,000 IN ONE CLAENDAR MONTH - JUNE TO NOVEMBER 2015, APRIL TO JUNE 2016 &  AUGUST 2016.",
108227,P60678,NSF,360.0,http://www3.aqmd.gov/webappl/fim/prog/novdetail.aspx?novid=P60678&notice_type=NOV&fac_id=108227,Failure to conduct an annual reverification test for gasoline dispensing system P/O N28730.,
177983,P64335,NSF,1800.0,http://www3.aqmd.gov/webappl/fim/prog/novdetail.aspx?novid=P64335&notice_type=NOV&fac_id=177983,"Operating a gasoline dispensing facility contrary to condition #26 of AQMD Permit to Operate N29178 (Exceeded monthly gasoline throughput limit of 650,000 gallons per month in: March 2016, October 2015, December 2015)",
159324,P63217,NSF,500.0,http://www3.aqmd.gov/webappl/fim/prog/novdetail.aspx?novid=P63217&notice_type=NOV&fac_id=159324,VIOLATION OF PERMIT CONDITION #11 - FAILURE TO CONDUCT METHODOLOGY 6  DYNAMIC BACKPRESSURE TEST AT VENTS.,
129490,P63126,NSF,500.0,http://www3.aqmd.gov/webappl/fim/prog/novdetail.aspx?novid=P63126&notice_type=NOV&fac_id=129490,FAILURETO SHOW COMPLIANCE BY OPERATING SELLING GASOLINE W/O A VALID PERMIT TO OPERATE _ VR 204 OPERATING NOT VR 202.,
179416,P59535,NSF,1925.0,http://www3.aqmd.gov/webappl/fim/prog/novdetail.aspx?novid=P59535&notice_type=NOV&fac_id=179416,Allowed track-out to extend greater than 25 feet in length from active construction site along the 91 freeway onto Washburn Circle,
118601,P63671,NSF,1000.0,http://www3.aqmd.gov/webappl/fim/prog/novdetail.aspx?novid=P63671&notice_type=NOV&fac_id=118601,Operating an aviation gasoline storage tank and dispenser without a valid permit to operate.,Aviation gasoline storage tank and dispenser (100 LL gasoline)
155399,P50737,NSF,360.0,http://www3.aqmd.gov/webappl/fim/prog/novdetail.aspx?novid=P50737&notice_type=NOV&fac_id=155399,Failure to complete ATCM_required refresher training in a timely manner,Drycleaning Machine _ Fluormatic Model # BT37
169632,P64656,NSF,1470.0,http://www3.aqmd.gov/webappl/fim/prog/novdetail.aspx?novid=P64656&notice_type=NOV&fac_id=169632,"OPERATING A GASOLINE DISPENSING FACILITY CONTRARY TO CARB EXECUTIVE ORDERS, MANUFACTURERS SPECIFICATIONS AND WITH A MAJOR DEFECT:  BALL VALVE ""B"" ON THE CLEAN AIR SEPARATOR IS NOT IN THE PROPER NORMAL OPERATION CONFIGURATION. FAILURE TO CONDUCT AND",SUCCESSFULLY PASS THE REVERIFICATION TESTS ANNUALLY FOR 2015. FAILURE TO CONDUCT SUBSEQUENT REVERIFICATION TESTING DURING THE SAME ESTABLISHED MONTHS.
176358,P64660,NSF,550.0,http://www3.aqmd.gov/webappl/fim/prog/novdetail.aspx?novid=P64660&notice_type=NOV&fac_id=176358,OPERATING A GASOLINE DISPENSING FACILITY WITHOUT A VALID PERMIT TO OPERATE.,
180547,P62164,NSF,450.0,http://www3.aqmd.gov/webappl/fim/prog/novdetail.aspx?novid=P62164&notice_type=NOV&fac_id=180547,Operating a dieself fired Generac engine rated >50 bhp without a valid Permit to Operate.,
181190,P64327,NSF,875.0,http://www3.aqmd.gov/webappl/fim/prog/novdetail.aspx?novid=P64327&notice_type=NOV&fac_id=181190,DAILY INSPECTIONS NOT BEING CONDUCTED BY DISTRICT TRAINED OR EQUIVALENT TRAINED PERSONS,
117644,P64327,NSF,360.0,http://www3.aqmd.gov/webappl/fim/prog/novdetail.aspx?novid=P64327&notice_type=NOV&fac_id=117644,DAILY INSPECTIONS NOT BEING CONDUCTED BY DISTRICT TRAINED OR EQUIVALENT TRAINED PERSONS,
117644,P64326,NSF,360.0,http://www3.aqmd.gov/webappl/fim/prog/novdetail.aspx?novid=P64326&notice_type=NOV&fac_id=117644,"OPERATING A GASOLINE DISPENSING FACILITY CONTRARY TO CARB CERTIFICATION _ CLEAN AIR SEPARATOR FLOAT CHECK VALVE INSTALLED UPSIDE DOWN. FAILURE TO MAINTAIN VAPOR RECOVERY SYSTEM IN GOOD WORKING ORDER. OPERATING A GASOLINE DISPENSING FACILITY WITH A ""MAJOR","DEFECT"" _ IMPROPER INSTALLATION OF FLOAT CHECK VALVE."
33219,P64360,NSF,600.0,http://www3.aqmd.gov/webappl/fim/prog/novdetail.aspx?novid=P64360&notice_type=NOV&fac_id=33219,Failing to conduct the annual reverification tests during the 2014 calendar year,Gasoline storage and dispensing facility
161948,P64360,NSF,2400.0,http://www3.aqmd.gov/webappl/fim/prog/novdetail.aspx?novid=P64360&notice_type=NOV&fac_id=161948,Failing to conduct the annual reverification tests during the 2014 calendar year,Gasoline storage and dispensing facility
161948,P63047,NSF,2400.0,http://www3.aqmd.gov/webappl/fim/prog/novdetail.aspx?novid=P63047&notice_type=NOV&fac_id=161948,OPERATING CONTARY TO PERMIT N25219 _COND. # 10: FAILURE TO CONDUCT LEAK RATE & CRACKING PRESSURE TEST OF PRESS/VACUUM RELIEF VENT VALVE AT LEAST ONCE EVERY 3YRS. COND #2 FAILURE TO MAINTAIN EQUIPMENT & KEEP IN GOOD OPERATING CONDITION.FAILURE TO OPERATE,"/MAINT. THE VRS & ASSOC. COMPONENTS IN ACCORDANCE W/MANUFACTURER'S SPECS & CARB CERT. OPERATING W/MAJOR DEFECTS (FAULTY INSERTION INTERLOCK ON PUMP #2 & UNCERTIFIED BREAKAWAYS ON PUMPS #4,7 & 8) FAILURE TO MAINT. EQUIP IN GOOD WORKING ORDER PER SPECS."
174375,P63853,NSF,200.0,http://www3.aqmd.gov/webappl/fim/prog/novdetail.aspx?novid=P63853&notice_type=NOV&fac_id=174375,Operating paint spray booth with no permit to operate.,
175268,P64661,NSF,420.0,http://www3.aqmd.gov/webappl/fim/prog/novdetail.aspx?novid=P64661&notice_type=NOV&fac_id=175268,FAILURE TO CONDUCT AND SUCCESSFULLY PASS THE PERFORMANCE TESTS WITHIN 10 DAYS AFTER INITIAL OPERATION FOLLOWING THE VR_202 TO VR_204 CONVERSION,
155346,P63711,NSF,450.0,http://www3.aqmd.gov/webappl/fim/prog/novdetail.aspx?novid=P63711&notice_type=NOV&fac_id=155346,Operating Equipment Without a Valid Permit to Operate. Equipment does not match permit description.,Powder Curing Oven
172695,P64512,NSF,5600.0,http://www3.aqmd.gov/webappl/fim/prog/novdetail.aspx?novid=P64512&notice_type=NOV&fac_id=172695,FAILURE TO COVER WITH PLASTIC SHEETING ALL STATIONARY OBJECTS & SURFACES NOT INTENDED FOR REMOVAL OR STRIPPING OF ACM. FAILURE TO COVER & TO RENDER AIR TIGHT WITH PLASTIC SHEETING OR HARD WOODEN BARRIERS WITH STUDDED SUPPORT ALL AIR PASSAGEWAYS IN THE,WORK AREA.  FAILURE TO VENT THE ISOLATED WORK AREA WITH ADEQUATE NEGATIVE PRESSURE TO A HEPA FILTRATION SYSTEM. FAILURE TO INCLUDE WITH THE ASBESTOS NOTIFICATION AN ACCURATE BRIEF DESCRIPTION OF ENGINEERING CONTROLS TO BE USED TO COMPLY WITH RULE 1403.
171797,P64512,NSF,1100.0,http://www3.aqmd.gov/webappl/fim/prog/novdetail.aspx?novid=P64512&notice_type=NOV&fac_id=171797,FAILURE TO COVER WITH PLASTIC SHEETING ALL STATIONARY OBJECTS & SURFACES NOT INTENDED FOR REMOVAL OR STRIPPING OF ACM. FAILURE TO COVER & TO RENDER AIR TIGHT WITH PLASTIC SHEETING OR HARD WOODEN BARRIERS WITH STUDDED SUPPORT ALL AIR PASSAGEWAYS IN THE,WORK AREA.  FAILURE TO VENT THE ISOLATED WORK AREA WITH ADEQUATE NEGATIVE PRESSURE TO A HEPA FILTRATION SYSTEM. FAILURE TO INCLUDE WITH THE ASBESTOS NOTIFICATION AN ACCURATE BRIEF DESCRIPTION OF ENGINEERING CONTROLS TO BE USED TO COMPLY WITH RULE 1403.
171797,P64957,NSF,1100.0,http://www3.aqmd.gov/webappl/fim/prog/novdetail.aspx?novid=P64957&notice_type=NOV&fac_id=171797,FAILURE TO MAINTAIN AND OPERATE PHASE II ACCORDING TO MANUFACTURE SPECIFICATION AND CARB EXECUTIVE ORDER. OPERATING A GASOLINE DISPENSING FACILITY WITH A MAJOR DEFECT - UNCERTIFIED HOSE ON PUMP #1 & CLEAN AIR SEPARATER BALL VALVE IN THE WRONG POSITION.,FAILURE TO MAINTAIN EQUIPMENT IN GOOD WORKING ORDER.
151944,P64957,NSF,450.0,http://www3.aqmd.gov/webappl/fim/prog/novdetail.aspx?novid=P64957&notice_type=NOV&fac_id=151944,FAILURE TO MAINTAIN AND OPERATE PHASE II ACCORDING TO MANUFACTURE SPECIFICATION AND CARB EXECUTIVE ORDER. OPERATING A GASOLINE DISPENSING FACILITY WITH A MAJOR DEFECT - UNCERTIFIED HOSE ON PUMP #1 & CLEAN AIR SEPARATER BALL VALVE IN THE WRONG POSITION.,FAILURE TO MAINTAIN EQUIPMENT IN GOOD WORKING ORDER.
151944,P64960,NSF,450.0,http://www3.aqmd.gov/webappl/fim/prog/novdetail.aspx?novid=P64960&notice_type=NOV&fac_id=151944,FAILURE TO MAINTAIN AND OPERATE PHASE II ACCORDING TO MANUFACTURE SPECIFICATION AND CARB EXECUTIVE ORDER. OPERATING A GASOLINE DISPENSING FACILITY WITH A MAJOR DEFECT. (UNCERTIFIED HOSE ON PUMP #7) FAILURE TO MAINTAIN EQUIPMENT IN GOOD WORKING ORDER.,
182972,P64122,NSF,825.0,http://www3.aqmd.gov/webappl/fim/prog/novdetail.aspx?novid=P64122&notice_type=NOV&fac_id=182972,"SELLING NONCOMPLAINT TYPE I BOILER AFTER JANUARY 1ST,2001 TO A BUSINESS LOCATED IN THE SOUTH COAST AIR BASIN",
176154,P62913,NSF,1600.0,http://www3.aqmd.gov/webappl/fim/prog/novdetail.aspx?novid=P62913&notice_type=NOV&fac_id=176154,Operating a paint spray booth without a valid permit to construct / operate and failure to maintain the records of operation.,Paint spray booth.
181274,P63049,NSF,300.0,http://www3.aqmd.gov/webappl/fim/prog/novdetail.aspx?novid=P63049&notice_type=NOV&fac_id=181274,"Operating a gasoline dispensing facility without a valid permit (permit states site has OPW Phase I EVR, however site has CNI Phase I EVR.  The permit also states the site has 2 gas tanks and 1 diesel tank, but the site has 3 gas tanks)",
165700,P62497,NSF,2400.0,http://www3.aqmd.gov/webappl/fim/prog/novdetail.aspx?novid=P62497&notice_type=NOV&fac_id=165700,Exceeding Permit to Operate P/O G30830 Condition 4 and P/O G30831 condition 4,coffee roasters
76271 ,P63670,NSF,3200.0,http://www3.aqmd.gov/webappl/fim/prog/novdetail.aspx?novid=P63670&notice_type=NOV&fac_id=76271 ,Operating a diesel ICE without a valid permit to operate.,Cummins Diesel ICE
142688,PERP 2456,NSF,1600.0,http://www3.aqmd.gov/webappl/fim/prog/novdetail.aspx?novid=PERP 2456&notice_type=NOV&fac_id=142688,,
175226,P62046,BTG,100000.0,http://www3.aqmd.gov/webappl/fim/prog/novdetail.aspx?novid=P62046&notice_type=NOV&fac_id=175226,The facility failed to maintain monthly NOx emission reports during the timeframe indicated in the Order for Abatement and as indicated by the Permit to Construct  issued for Taco Line 5a modification.,natural gas fired equipment
175226,P62047,BTG,100000.0,http://www3.aqmd.gov/webappl/fim/prog/novdetail.aspx?novid=P62047&notice_type=NOV&fac_id=175226,"Violation for knowing and intentional falsification of records provided for facility-wide NOx emission reports required by SCAQMD permit to construct (A/N 573816)-Taco Line 5a burner modification, and Hearing Board Order for Abatement Case No. 6017-2 oper","natural gas fired ovens, fryers and boilers"
122861,P53087,RRF,5000.0,http://www3.aqmd.gov/webappl/fim/prog/novdetail.aspx?novid=P53087&notice_type=NOV&fac_id=122861,"Not handling ACM properly-to a lower floor without dropping, sliding or otherwise damaging or disturbing the ACM.   No onsite proof of asbestos survey.   No onsite proof of AQMD Notifications.",
800181,P59274,NSF,30000.0,http://www3.aqmd.gov/webappl/fim/prog/novdetail.aspx?novid=P59274&notice_type=NOV&fac_id=800181,Operating portable internal combustion engines (ICE) greater than 50 brake horsepower without a SCAQMD permit to operate.,"Caterpillar brand, model C15, serial numbers JRE03607, LDN01187, LDN01173, and JRE12838"
800181,P59275,NSF,30000.0,http://www3.aqmd.gov/webappl/fim/prog/novdetail.aspx?novid=P59275&notice_type=NOV&fac_id=800181,"Operating equipment with portable equipment registration program (PERP) certificates 163142, 164852, 164241, 164538, 160473, 163142, 142737, 140797, and 164680 without a SCAQMD permit to operate.",
155587,P49168,TRB,2500.0,http://www3.aqmd.gov/webappl/fim/prog/novdetail.aspx?novid=P49168&notice_type=NOV&fac_id=155587,Excavated an inactive landfill without an Excavation Management Plan approved by the Executive Officer.,
177679,P49169,TRB,2500.0,http://www3.aqmd.gov/webappl/fim/prog/novdetail.aspx?novid=P49169&notice_type=NOV&fac_id=177679,EXCAVATED AN INACTIVE LANDFILL WITHOUT AN EXCAVATION MANAGEMENT PLAN APPROVED BY THE EXECUTIVE OFFICER.,
117225,P59378,BTG,10000.0,http://www3.aqmd.gov/webappl/fim/prog/novdetail.aspx?novid=P59378&notice_type=NOV&fac_id=117225,Two (2) facility vapor leaks from loading rack lane #2 on 3/26/15.  One (1) facility vapor leak from loading rack lane #1 on 3/26/15.,
178389,P58279,MJR,1000.0,http://www3.aqmd.gov/webappl/fim/prog/novdetail.aspx?novid=P58279&notice_type=NOV&fac_id=178389,R403(d)(1)(A) - causing the emissions of fugitive dust from operations; R403(d)(2) - failure to maintain best available control measures to minimize fugitive dust emissions,Granite and marble cutting and sanding operations
157359,P57871,NSF,17500.0,http://www3.aqmd.gov/webappl/fim/prog/novdetail.aspx?novid=P57871&notice_type=NOV&fac_id=157359,"Failure to comply with Facility Permit to Operate (FPO), dated 2/20/14, condition # C409.1 to have start up burner usage < 3 hours/day.",C45
172755,P64354,VKT,500.0,http://www3.aqmd.gov/webappl/fim/prog/novdetail.aspx?novid=P64354&notice_type=NOV&fac_id=172755,"Failure to submit the Form 500-SAM for January 1 - June 30, 2015 by the due date of 08/31/15",
12372 ,P57869,VKT,3000.0,http://www3.aqmd.gov/webappl/fim/prog/novdetail.aspx?novid=P57869&notice_type=NOV&fac_id=12372 ,"Failure to conduct source test for D18 and D29, large source units, kilns, by end of 7th Triennial Period, by 12/31/2014.  Failed to convert gaseous fuel to standard million cubic feet per month for Large source units, D18 and D29.","Kilns, R219 dryers, baghouse, etc."
12372 ,P60558,VKT,3000.0,http://www3.aqmd.gov/webappl/fim/prog/novdetail.aspx?novid=P60558&notice_type=NOV&fac_id=12372 ,Failure to submit an Annual Permit Emissions Program (APEP) report for the 2014 Compliance Year.,
114997,P60566,WBW,1700.0,http://www3.aqmd.gov/webappl/fim/prog/novdetail.aspx?novid=P60566&notice_type=NOV&fac_id=114997,"1) Failed to reconcile quarterly NOx emissions in the 3rd Qtr of CY2015, 2) NOx emissions from the beginning of the 2015 Compliance Year through the end of the 3rd Qtr exceeded the annual NOx emissions allocation in effect at the end of the reconciliation",(continued) period for that quarter.
170855,P60341,WBW,52949.45,http://www3.aqmd.gov/webappl/fim/prog/novdetail.aspx?novid=P60341&notice_type=NOV&fac_id=170855,"Supplying, offering for sale, and selling a multi-purpose solvent with a VOC content in excess of 25 grams per liter.",
178832,P61805,BTG,180000.0,http://www3.aqmd.gov/webappl/fim/prog/novdetail.aspx?novid=P61805&notice_type=NOV&fac_id=178832,Exceeded provided character space.  Please view Inspector Comment/Report Tab.  Thank you.,Coatings and Solvents
110411,P64322,BTG,300.0,http://www3.aqmd.gov/webappl/fim/prog/novdetail.aspx?novid=P64322&notice_type=NOV&fac_id=110411,FAILURE TO CONDUCT VAPOR RECOVERY REVERIFICATION TESTS ANNUALLY - TEST DUE BY 03/31/2016.,
167341,P64266,BTG,770.0,http://www3.aqmd.gov/webappl/fim/prog/novdetail.aspx?novid=P64266&notice_type=NOV&fac_id=167341,"THIS GASOLINE DISPENSING FACILITY HAS EXCEEDED THEIR THROUGHPUT LIMIT OF 600,000 GAL PER CALENDAR YEAR FOR 2013 AND 2014.",
44374 ,P63216,BTG,600.0,http://www3.aqmd.gov/webappl/fim/prog/novdetail.aspx?novid=P63216&notice_type=NOV&fac_id=44374 ,OPERATING A GASOLINE DISPENSING FACILITY WITHOUT A VALID PERMIT TO OPERATE - INCORRECT PERMIT DESCRIPTION.,
169471,P63044,BTG,5400.0,http://www3.aqmd.gov/webappl/fim/prog/novdetail.aspx?novid=P63044&notice_type=NOV&fac_id=169471,OPEATING CONTRARY TO PERMIT N26771 CONDITION #2 FAILURE TO MAINTAIN EQUIPMENT & KEEP IN GOOD OPERATING CONDITION. FAILURE TO OPERATE & MAINTAIN THE VAPOR RECOVERY SYSTEM & ASSOCIATED COMPONENTS IN ACCORDANCE WITH MANUFACTURER SPECS. & CARB CERTIFICATION.,"OPERATING WITH MAJOR DEFECTS. (UNCERTIFIED BREAKAWAYS ON PUMPS 4,5,7,8,10,11,12,13 & 14) FAILURE TO OPERATE/MAINTAIN A GASOLINE DISPENSING FACILITY IN GOOD WORKING ORDER IN ACCORDANCE WITH THE MANUFACTURER'S SPECIFICATIONS OF THE SYSTEM."
68042 ,P64407,BTG,1100.0,http://www3.aqmd.gov/webappl/fim/prog/novdetail.aspx?novid=P64407&notice_type=NOV&fac_id=68042 ,1.installation of a hydrochloric acid tank contrary to the description on the Permit to Construct 2.did not install a flow meter on the hydrochloric acid tank as required by Facility Permit condition E193.1,
173672,P36743,BTG,344.0,http://www3.aqmd.gov/webappl/fim/prog/novdetail.aspx?novid=P36743&notice_type=NOV&fac_id=173672,OPERATION OF A RETAIL GASOLINE STORAGE AND DISPENSING FACILITY WITHOUT A VALID PERMIT TO OPERATE ISSUED BY SCAQMD.,
150573,P63663,BTG,750.0,http://www3.aqmd.gov/webappl/fim/prog/novdetail.aspx?novid=P63663&notice_type=NOV&fac_id=150573,Operating equipment (spraybooth) without valid permit.  Failure to maintain VOC records for the most recent two (2) years.,Spray King Spraybooth
120149,P64332,BTG,1100.0,http://www3.aqmd.gov/webappl/fim/prog/novdetail.aspx?novid=P64332&notice_type=NOV&fac_id=120149,"FAILURE TO CONDUCT VAPOR RECOVERY TESTS SEMI_ANNUALLY_ TEST DUE APRIL 2015, APRIL 2016",
170305,P61997,BTG,4000.0,http://www3.aqmd.gov/webappl/fim/prog/novdetail.aspx?novid=P61997&notice_type=NOV&fac_id=170305,OPERATING A GASOLINE DISPENSING FACILITY CONTRARY TO PERMIT CONDITIONS; EXCEEDED THROUGHPUT LIMIT FROM AUGUST 2012 TO APRIL 2016.,
170305,P64953,BTG,500.0,http://www3.aqmd.gov/webappl/fim/prog/novdetail.aspx?novid=P64953&notice_type=NOV&fac_id=170305,OPERATING A GASOLINE DISPENSING FACILITY CONTRARY TO PERMIT CONDITIONS: EXCEEDED MONTHLY GASOLINE THROUGHPUT LIMIT IN MAY AND JUNE 2016.,
137099,P60085,BTG,2250.0,http://www3.aqmd.gov/webappl/fim/prog/novdetail.aspx?novid=P60085&notice_type=NOV&fac_id=137099,FAILURE TO CONDUCT DYNAMIC PRESSURE METHODOLOGY 6 TEST.,
137099,P63059,BTG,2250.0,http://www3.aqmd.gov/webappl/fim/prog/novdetail.aspx?novid=P63059&notice_type=NOV&fac_id=137099,FAILURE TO PROVIDE: OR CONDUCT 2013 PERIODIC COMPLIANCE INSPECTION; JAN 2013 -  PRESENT VAPOR RECOVERY TEST RESULTS; OR CONDUCT 3 YEARS - AFTER LAST ONE LEAK RATE/CRACKING PRESSURE OF PRESSURE VACUUM VENT VALVE TEST; JAN 2013 -  PRESENT THROUGHPUT RECORDS,
150075,P64292,BTG,1650.0,http://www3.aqmd.gov/webappl/fim/prog/novdetail.aspx?novid=P64292&notice_type=NOV&fac_id=150075,"FAILURE TO CONDUCT THE REVERIFICATION TESTS SEMI-ANNUALLY. THE FACILITY HAS A MONTHLY THROUGHPUT GREATER THAN 100,000 GALLONS. (2013-2015)",
164420,P60088,BTG,1050.0,http://www3.aqmd.gov/webappl/fim/prog/novdetail.aspx?novid=P60088&notice_type=NOV&fac_id=164420,OPERATING A VAPOR RECOVERY SYSTEM IN A MANNER CONTRARY TO THE MANUFACTURER'S SPECIFICATIONS AND THE APPLICABLE CARB CERTIFICATION. (IMPROPER SLOPING CONFIGURATION OF PIPING FROM THE CLEAN AIR SEPARATOR TO THE VENT RISERS).,
63249 ,P60528,BTG,1700.0,http://www3.aqmd.gov/webappl/fim/prog/novdetail.aspx?novid=P60528&notice_type=NOV&fac_id=63249 ,fail to conduct emission checks; 203(b),R1146 boilers
155393,P64902,BTG,300.0,http://www3.aqmd.gov/webappl/fim/prog/novdetail.aspx?novid=P64902&notice_type=NOV&fac_id=155393,FAILURE TO MAINTAIN GASOLINE DISPENSING SYSTEM IN GOOD WORKING ORDER IN ACCORDANCE WITH THE MANUFACTURER'S SPECIFICATIONS OF THE CERTIFIED SYSTEM. OPERATING THE GASOLINE DISPENSING SYSTEM WITH A MAJOR DEFECT - VISIBLE OPENING IN HOSE # 14.,
178452,P60161,BTG,1500.0,http://www3.aqmd.gov/webappl/fim/prog/novdetail.aspx?novid=P60161&notice_type=NOV&fac_id=178452,FAILURE TO REMOVE ACM BEFORE CUTTING HOLES IN CEILING PER 1403(d)(1)(C)(ii)(I) & (IV); IMPROPER ACM REMOVAL PROCEDURES; IMPROPER HANDLING OF ACWM; FAILURE TO DISPOSE OF ACWM AT AN ASBESTOS LANDFILL; FAILURE TO LABEL DISPOSAL CONTAINERS PER 1403(A)&(B);,NO HAZARDOUS WASTE SHIPMENT RECORDS PER 1403(f); NO RENOVATION RECORDS PER 1403(g).
800196,P54983,TRB,500.0,http://www3.aqmd.gov/webappl/fim/prog/novdetail.aspx?novid=P54983&notice_type=NOV&fac_id=800196,Failed to correct fuel usage for NOx Process Units and Rule 219 Exempt Equipment to standard conditions after 7/1/14.,
49111,P57748,NAS,1344000.97,http://www3.aqmd.gov/webappl/fim/prog/novdetail.aspx?novid=P57748&notice_type=NOV&fac_id=49111,"Discharged air contaminates which caused injury, detriment, nuisance, or annoyance to a considerable number of persons or public, or which endanger the comfort, respose, health or safety of any such persons or the public.",
49111,P57749,NAS,1344000.97,http://www3.aqmd.gov/webappl/fim/prog/novdetail.aspx?novid=P57749&notice_type=NOV&fac_id=49111,"Discharged air contaminates which caused injury, detriment, nuisance, or annoyance to a considerable number of persons or public, or which endanger the comfort, respose, health or safety of any such persons or the public.",
49111,P60159,NAS,1344000.97,http://www3.aqmd.gov/webappl/fim/prog/novdetail.aspx?novid=P60159&notice_type=NOV&fac_id=49111,"FOR DISCHARGING SUCH QUANTITIES OF AIR CONTAMINANTS TO CAUSE INJURY, DETRIMENT, NUISANCE OR ANNOYANCE TO A CONSIDERABLE NUMBER OF PERSONS.",
49111,P61360,NAS,1344000.97,http://www3.aqmd.gov/webappl/fim/prog/novdetail.aspx?novid=P61360&notice_type=NOV&fac_id=49111,"FOR DISCHARGING SUCH QUANTITIES OF AIR CONTAMINANTS TO CAUSE INJURY, DETRIMENT, NUISANCE OR ANNOYANCE TO A CONSIDERABLE NUMBER OF PERSONS.",
49111,P61361,NAS,1344000.97,http://www3.aqmd.gov/webappl/fim/prog/novdetail.aspx?novid=P61361&notice_type=NOV&fac_id=49111,"FOR DISCHARGING SUCH QUANTITIES OF AIR CONTAMINANTS TO CAUSE INJURY, DETRIMENT, NUISANCE OR ANNOYANCE TO A CONSIDERABLE NUMBER OF PERSONS.",
49111,P61362,NAS,1344000.97,http://www3.aqmd.gov/webappl/fim/prog/novdetail.aspx?novid=P61362&notice_type=NOV&fac_id=49111,"FOR DISCHARGING SUCH QUANTITIES OF AIR CONTAMINANTS TO CAUSE INJURY, DETRIMENT, NUISANCE OR ANNOYANCE TO A CONSIDERABLE NUMBER OF PERSONS.",
49111,P61363,NAS,1344000.97,http://www3.aqmd.gov/webappl/fim/prog/novdetail.aspx?novid=P61363&notice_type=NOV&fac_id=49111,"FOR DISCHARGING SUCH QUANTITIES OF AIR CONTAMINANTS TO CAUSE INJURY, DETRIMENT, NUISANCE OR ANNOYANCE TO A CONSIDERABLE NUMBER OF PERSONS.",
49111,P61364,NAS,1344000.97,http://www3.aqmd.gov/webappl/fim/prog/novdetail.aspx?novid=P61364&notice_type=NOV&fac_id=49111,"FOR DISCHARGING SUCH QUANTITIES OF AIR CONTAMINANTS TO CAUSE INJURY, DETRIMENT, NUISANCE OR ANNOYANCE TO A CONSIDERABLE NUMBER OF PERSONS.",
49111,P61365,NAS,1344000.97,http://www3.aqmd.gov/webappl/fim/prog/novdetail.aspx?novid=P61365&notice_type=NOV&fac_id=49111,"FOR DISCHARGING SUCH QUANTITIES OF AIR CONTAMINANTS TO CAUSE INJURY, DETRIMENT, NUISANCE OR ANNOYANCE TO A CONSIDERABLE NUMBER OF PERSONS.",
49111,P61366,NAS,1344000.97,http://www3.aqmd.gov/webappl/fim/prog/novdetail.aspx?novid=P61366&notice_type=NOV&fac_id=49111,"FOR DISCHARGING SUCH QUANTITIES OF AIR CONTAMINANTS TO CAUSE INJURY, DETRIMENT, NUISANCE OR ANNOYANCE TO A CONSIDERABLE NUMBER OF PERSONS.",
49111,P61369,NAS,1344000.97,http://www3.aqmd.gov/webappl/fim/prog/novdetail.aspx?novid=P61369&notice_type=NOV&fac_id=49111,"FOR DISCHARGING SUCH QUANTITIES OF AIR CONTAMINANTS TO CAUSE INJURY, DETRIMENT, NUISANCE OR ANNOYANCE TO A CONSIDERABLE NUMBER OF PERSONS.",
49111,P61370,NAS,1344000.97,http://www3.aqmd.gov/webappl/fim/prog/novdetail.aspx?novid=P61370&notice_type=NOV&fac_id=49111,"FOR DISCHARGING SUCH QUANTITIES OF AIR CONTAMINANTS TO CUASE INJURY, DETRIMENT, NUISANCE OR ANNOYANCE TO A CONSIDERABLE NUMBER OF PERSONS.",
49111,P61371,NAS,1344000.97,http://www3.aqmd.gov/webappl/fim/prog/novdetail.aspx?novid=P61371&notice_type=NOV&fac_id=49111,"FOR DISCHARGING SUCH QUANTITIES OF AIR CONTAMINANTS TO CAUSE INJURY, DETRIMENT, NUISANCE OR ANNOYANCE TO A CONSIDERABLE NUMBER OF PERSONS.",
49111,P61372,NAS,1344000.97,http://www3.aqmd.gov/webappl/fim/prog/novdetail.aspx?novid=P61372&notice_type=NOV&fac_id=49111,"FOR DISCHARGING SUCH QUANTITIES OF AIR CONTAMINANTS TO CAUSE INJURY, DETRIMENT, NUISANCE OR ANNOYANCE TO A CONSIDERABLE NUMBER OF PERSONS.",
49111,P61373,NAS,1344000.97,http://www3.aqmd.gov/webappl/fim/prog/novdetail.aspx?novid=P61373&notice_type=NOV&fac_id=49111,"FOR DISCHARGING SUCH QUANTITIES OF AIR CONTAMINANTS TO CAUSE INJURY, DETRIMENT, NUISANCE OR ANNOYANCE TO A CONSIDERABLE NUMBER OF PERSONS.",
49111,P61374,NAS,1344000.97,http://www3.aqmd.gov/webappl/fim/prog/novdetail.aspx?novid=P61374&notice_type=NOV&fac_id=49111,"FOR DISCHARGING SUCH QUANTITIES OF AIR CONTAMINANTS TO CAUSR INJURY, DETRIMENT, NUISANCE OR ANNOYANCE TO A CONSIDERABLE NUMBER OF PERSONS.",
49111,P61375,NAS,1344000.97,http://www3.aqmd.gov/webappl/fim/prog/novdetail.aspx?novid=P61375&notice_type=NOV&fac_id=49111,"FOR DISCHARGING SUCH QUANTITIES OF AIR CONTAMINANTS TO CAUSE INJURY, DETRIMENT, NUISANCE OR ANNOYANCE TO A CONSIDERABLE NUMBER OF PERSONS.",
49111,P61376,NAS,1344000.97,http://www3.aqmd.gov/webappl/fim/prog/novdetail.aspx?novid=P61376&notice_type=NOV&fac_id=49111,"FOR DISCHARGING SUCH QUANTITIES OF AIR CONTAMINANTS TO CAUSE INJURY, DETRIMENT, NUISANCE OR ANNOYANCE TO A CONSIDERABLE NUMBER OF PERSONS.",
49111,P61377,NAS,1344000.97,http://www3.aqmd.gov/webappl/fim/prog/novdetail.aspx?novid=P61377&notice_type=NOV&fac_id=49111,"FOR DISCHARGING SUCH QUANTITIES OF AIR CONTAMINANTS TO CAUSE INJURY, DETRIMENT, NUISANCE, OR ANNOYANCE TO A CONSIDERABLE NUMBER OF PERSONS.",
49111,P61378,NAS,1344000.97,http://www3.aqmd.gov/webappl/fim/prog/novdetail.aspx?novid=P61378&notice_type=NOV&fac_id=49111,"FOR DISCHARGING SUCH QUANTITIES OF AIR CONTAMINANTS TO CAUSE INJURY, DETRIMENT, SUISANCE OR ANNOYANCE TO A CONSIDERABLE NUMBER OF PERSONS.",
49111,P61381,NAS,1344000.97,http://www3.aqmd.gov/webappl/fim/prog/novdetail.aspx?novid=P61381&notice_type=NOV&fac_id=49111,"FOR DISCHARGING SUCH QUANTITIES OF AIR CONTAMINANTS TO CAUSE INJURY, DETRIMENT, NUISANCE OR ANNOYANCE TO A CONSIDERABLE NUMBER OF PERSONS.",
49111,P61382,NAS,1344000.97,http://www3.aqmd.gov/webappl/fim/prog/novdetail.aspx?novid=P61382&notice_type=NOV&fac_id=49111,"FOR DISCHARGING SUCH QUANTITIES OF AIR CONTAMINANTS TO CAUSE INJURY, DETRIMENT, NUISANCE OR ANNOYANCE TO A CONSIDERABLE NUMBER OF PERSONS.",
49111,P61383,NAS,1344000.97,http://www3.aqmd.gov/webappl/fim/prog/novdetail.aspx?novid=P61383&notice_type=NOV&fac_id=49111,"FOR DISCHARGING SUCH QUANTITIES OF AIR CONTAMINANTS TO CAUSE INJURY, DETRIMENT, NUISANCE OR ANNOYANCE TO A CONSIDERABLE NUMBER OF PERSONS.",
49111,P61385,NAS,1344000.97,http://www3.aqmd.gov/webappl/fim/prog/novdetail.aspx?novid=P61385&notice_type=NOV&fac_id=49111,"FOR DISCHARGING SUCH QUANTITIES OF AIR CONTAMINANTS TO CAUSE INJURY, DETRIMENT, NUISANCE OR ANNOYANCE TO A CONSIDERABLE NUMBER OF PERSONS.",
49111,P61386,NAS,1344000.97,http://www3.aqmd.gov/webappl/fim/prog/novdetail.aspx?novid=P61386&notice_type=NOV&fac_id=49111,"FOR DISCHARGING SUCH QUANTITIES OF AIR CONTAMINANTS TO CAUSE INJURY, DETRIMENT, NUISANCE OR ANNOYANCE TO A CONSIDERABLE NUMBER OF PERSONS.",
49111,P61387,NAS,1344000.97,http://www3.aqmd.gov/webappl/fim/prog/novdetail.aspx?novid=P61387&notice_type=NOV&fac_id=49111,"FOR DISCHARGING SUCH QUANTITIES OF AIR CONTAMINANTS TO CAUSE INJURY, DETRIMENT, NUISANCE OR ANNOYANCE TO A CONSIDERABLE NUMBER OF PERSONS.",
49111,P61388,NAS,1344000.97,http://www3.aqmd.gov/webappl/fim/prog/novdetail.aspx?novid=P61388&notice_type=NOV&fac_id=49111,"FOR DISCHARGING SUCH QUANTITIES OF AIR CONTAMINANTS TO CAUSE INJURY, DETRIMENT, NUISANCE OR ANNOYANCE TO A CONSIDERABLE NUMBER OF PERSONS.",
49111,P61389,NAS,1344000.97,http://www3.aqmd.gov/webappl/fim/prog/novdetail.aspx?novid=P61389&notice_type=NOV&fac_id=49111,"FOR DISCHARGING SUCH QUANTITIES OF AIR CONTAMINANTS TO CAUSE INJURY, DETRIMENT, NUISANCE OR ANNOYANCE TO A CONSIDERABLE NUMBER OF PERSONS.",
49111,P61390,NAS,1344000.97,http://www3.aqmd.gov/webappl/fim/prog/novdetail.aspx?novid=P61390&notice_type=NOV&fac_id=49111,"FOR DISCHARGING SUCH QUANTITIES OF AIR CONTAMINANTS TO CAUSE INJURY, DETRIMENT, NUISANCE OR ANNOYANCE TO A CONSIDERABLE NUMBER OF PERSONS.",
49111,P61393,NAS,1344000.97,http://www3.aqmd.gov/webappl/fim/prog/novdetail.aspx?novid=P61393&notice_type=NOV&fac_id=49111,"FOR DISCHARGING SUCH QUANTITIES OF AIR CONTAMINANTS TO CAUSE INJURY, DETRIMENT, NUISANCE OR ANNOYANCE TO A CONSIDERABLE NUMBER OF PERSONS.",
49111,P61394,NAS,1344000.97,http://www3.aqmd.gov/webappl/fim/prog/novdetail.aspx?novid=P61394&notice_type=NOV&fac_id=49111,"FOR DISCHARGING SUCH QUANITITIES OF AIR CONTAMINANTS TO CAUSE INJURY, DETRIMENT, NUISANCE OR ANNOYANCE TO A CONSIDERABLE NUMBER OF PERSONS.",
49111,P61395,NAS,1344000.97,http://www3.aqmd.gov/webappl/fim/prog/novdetail.aspx?novid=P61395&notice_type=NOV&fac_id=49111,"FOR DISCHARGING SUCH QUANTITIES OF AIR CONTAMINANTS TO CAUSE INJURY, DETRIMENT, NUISANCE OR ANNOYANCE TO A CONSIDERABLE NUMBER OF PERSONS.",
49111,P61396,NAS,1344000.97,http://www3.aqmd.gov/webappl/fim/prog/novdetail.aspx?novid=P61396&notice_type=NOV&fac_id=49111,"FOR DISCHARGING SUCH QUANTITIES OF AIR CONTAMINANTS TO CAUSE INJURY, DETRIMENT, NUISANCE OR ANNOYANCE TO A CONSIDERABLE NUMBER OF PERSONS.",
49111,P61397,NAS,1344000.97,http://www3.aqmd.gov/webappl/fim/prog/novdetail.aspx?novid=P61397&notice_type=NOV&fac_id=49111,"FOR DISCHARGING SUCH QUANTITIES OF AIR CONTAMINANTS TO CAUSE INJURY, DETRIMENT, NUISANCE OR ANNOYANCE TO A CONSIDERABLE NUMBER OF PERSONS.",
49111,P61398,NAS,1344000.97,http://www3.aqmd.gov/webappl/fim/prog/novdetail.aspx?novid=P61398&notice_type=NOV&fac_id=49111,"FOR DISCHARGING SUCH QUANTITIES OF AIR CONTAMINANTS TO CAUSE INJURY, DETRIMENT, NUISANCE OR ANNOYANCE TO A CONSIDERABLE NUMBER OF PERSONS.",
49111,P61399,NAS,1344000.97,http://www3.aqmd.gov/webappl/fim/prog/novdetail.aspx?novid=P61399&notice_type=NOV&fac_id=49111,"FOR DISCHARGING SUCH QUANTITIES OF AIR CONTAMINANTS TO CAUSE INJURY, DETRIMENT, NUISANCE OR ANNOYANCE TO A CONSIDERABLE NUMBER OF PERSONS.",
49111,P62600,NAS,1344000.97,http://www3.aqmd.gov/webappl/fim/prog/novdetail.aspx?novid=P62600&notice_type=NOV&fac_id=49111,"FOR DISCHARGING SUCH QUANTITIES OF AIR CONTAMINANTS TO CAUSE INJURY, DETRIMENT, NUISANCE OR ANNOYANCE TO A CONSIDERABLE NUMBER OF PERSONS.",
49111,P62601,NAS,1344000.97,http://www3.aqmd.gov/webappl/fim/prog/novdetail.aspx?novid=P62601&notice_type=NOV&fac_id=49111,"FOR DISCHARGING SUCH QUANTITIES OF AIR CONTAMINANTS TO CAUSE INJURY, DETRIMENT, NUISANCE OR ANNOYANCE TO A CONSIDERABLE NUMBER OF PERSONS.",
49111,P62602,NAS,1344000.97,http://www3.aqmd.gov/webappl/fim/prog/novdetail.aspx?novid=P62602&notice_type=NOV&fac_id=49111,"FOR DISCHARGING SUCH QUANTITIES OF AIR CONTAMINANTS TO CAUSE INJURY, DETRIMENT, NUISANCE OR ANNOYANCE TO A CONSIDERABLE NUMBER OF PERSONS.",
49111,P62603,NAS,1344000.97,http://www3.aqmd.gov/webappl/fim/prog/novdetail.aspx?novid=P62603&notice_type=NOV&fac_id=49111,"FOR DISCHARGING SUCH QUANTITIES OF AIR CONTAMINANTS TO CAUSE INJURY, DETRIMENT, NUISANCE OR ANNOYANCE TO A CONSIDERABLE NUMBER OF PERSONS.",
49111,P62604,NAS,1344000.97,http://www3.aqmd.gov/webappl/fim/prog/novdetail.aspx?novid=P62604&notice_type=NOV&fac_id=49111,"FOR DISCHARGING SUCH QUANTITIES OF AIR CONTAMINANTS TO CAUSE INJURY, DETRIMENT, NUISANCE OR ANNOYANCE TO A CONSIDERABLE NUMBER OF PERSONS.",
49111,P62605,NAS,1344000.97,http://www3.aqmd.gov/webappl/fim/prog/novdetail.aspx?novid=P62605&notice_type=NOV&fac_id=49111,"FOR DISCHARGING SUCH QUANTITIES OF AIR CONTAMINANTS TO CAUSE INJURY, DETRIMENT, NUISANCE OR ANNOYANCE TO A CONSIDERABLE NUMBER OF PERSONS.",
49111,P62606,NAS,1344000.97,http://www3.aqmd.gov/webappl/fim/prog/novdetail.aspx?novid=P62606&notice_type=NOV&fac_id=49111,"FOR DISCHARGING SUCH QUANTITIES OF AIR CONTAMINANTS TO CAUSE INJURY, DETRIMENT, NUISANCE OR ANNOYANCE TO A CONSIDERABLE NUMBER OF PERSONS.",
49111,P62607,NAS,1344000.97,http://www3.aqmd.gov/webappl/fim/prog/novdetail.aspx?novid=P62607&notice_type=NOV&fac_id=49111,"FOR DISCHARGING SUCH QUANTITIES OF AIR CONTAMINANTS TO CAUSE INJURY, DETRIMENT, NUISANCE OR ANNOYANCE TO A CONSIDERABLE NUMBER OF PERSONS.",
49111,P62608,NAS,1344000.97,http://www3.aqmd.gov/webappl/fim/prog/novdetail.aspx?novid=P62608&notice_type=NOV&fac_id=49111,"FOR DISCHARGING SUCH QUANTITIES OF AIR CONTAMINANTS TO CAAUSE INJURY, DETRIMENT, NUISANCE OR ANNOYANCE TO A CONSIDERABLE NUMBER OF PERSONS.",
49111,P62609,NAS,1344000.97,http://www3.aqmd.gov/webappl/fim/prog/novdetail.aspx?novid=P62609&notice_type=NOV&fac_id=49111,"FOR DISCHARGING SUCH QUANITITIES OF AIR CONTAMINANTS TO CAUSE INJURY, DETRIMENT, NUISANCE OR ANNOYANCE TO A CONSIDERABLE NUMBER OF PERSONS.",
49111,P62610,NAS,1344000.97,http://www3.aqmd.gov/webappl/fim/prog/novdetail.aspx?novid=P62610&notice_type=NOV&fac_id=49111,"FOR DISCHARGING SUCH QUANTITIES OF AIR CONTAMINANTS TO CAUSE INJURY, DETRIMENT, NUISANCE OR ANNOYANCE TO A CONSIDERABLE NUMBER OF PERSONS.",
49111,P62611,NAS,1344000.97,http://www3.aqmd.gov/webappl/fim/prog/novdetail.aspx?novid=P62611&notice_type=NOV&fac_id=49111,"FOR DISCHARGING SUCH QUANTITIES OF AIR CONTAMINANTS TO CAUSE INJURY, DETRIMENT, NUISANCE OR ANNOYANCE TO A CONSIDERABLE NUMBER OF PERSONS.",
49111,P62613,NAS,1344000.97,http://www3.aqmd.gov/webappl/fim/prog/novdetail.aspx?novid=P62613&notice_type=NOV&fac_id=49111,"FOR DISCHARGING SUCH QUANTITIES OF AIR CONTAMINANTS TO CAUSE INJURY, DETRIMENT, NUISANCE OR ANNOYANCE TO A CONSIDERABLE NUMBER OF PERSONS.",
49111,P62614,NAS,1344000.97,http://www3.aqmd.gov/webappl/fim/prog/novdetail.aspx?novid=P62614&notice_type=NOV&fac_id=49111,"FOR DISCHARGING SUCH QUANTITIES OF AIR CONTAMINANTS TO CAUSE INJURY, DETRIMENT, NUISANCE OR ANNOYANCE TO A CONSIDERABLE NUMBER OF PERSONS.",
49111,P62615,NAS,1344000.97,http://www3.aqmd.gov/webappl/fim/prog/novdetail.aspx?novid=P62615&notice_type=NOV&fac_id=49111,"FOR DISCHARGING SUCH QUANTITIES OF AIR CONTAMINANTS TO CAUSE INJURY, DETRIMENT, NUISANCE OR ANNOYANCE TO A CONSIDERABLE NUMBER OF PERSONS.",
49111,P62616,NAS,1344000.97,http://www3.aqmd.gov/webappl/fim/prog/novdetail.aspx?novid=P62616&notice_type=NOV&fac_id=49111,"FOR DISCHARGING SUCH QUANTITIES OF AIR CONTAMINANTS TO CAUSE INJURY, DETRIMENT, NUISANCE OR ANNOYANCE TO A CONSIDERABLE NUMBER OF PERSONS.",
49111,P62617,NAS,1344000.97,http://www3.aqmd.gov/webappl/fim/prog/novdetail.aspx?novid=P62617&notice_type=NOV&fac_id=49111,"FOR DISCHARGING SUCH QUANTITIES OF AIR CONTAMINANTS TO CAUSE INJURY, DETRIMENT, NUISANCE OR ANNOYANCE TO A CONSIDERABLE NUMBER OF PERSONS.",
49111,P62619,NAS,1344000.97,http://www3.aqmd.gov/webappl/fim/prog/novdetail.aspx?novid=P62619&notice_type=NOV&fac_id=49111,"FOR DISCHARGING SUCH QUANTITIES OF AIR CONTAMINANTS TO CAUSE INJURY, DETRIMENT, NUISANCE OR ANNOYANCE TO A CONSIDERABLE NUMBER OF PERSONS.",
49111,P62620,NAS,1344000.97,http://www3.aqmd.gov/webappl/fim/prog/novdetail.aspx?novid=P62620&notice_type=NOV&fac_id=49111,"FOR DISCHARGING SUCH QUANTITIES OF AIR CONTAMINANTS TO CAUSE INJURY, DETRIMENT, NUISANCE OR ANNOYANCE TO A CONSIDERABLE NUMBER OF PERSONS.",
49111,P62621,NAS,1344000.97,http://www3.aqmd.gov/webappl/fim/prog/novdetail.aspx?novid=P62621&notice_type=NOV&fac_id=49111,"FOR DISCHARGING SUCH QUANTITIES OF AIR CONTAMINANTS TO CAUSE INJURY, DETRIMENT, NUISANCE OR ANNOYANCE TO A CONSIDERABLE NUMBER OF PERSONS.",
49111,P62622,NAS,1344000.97,http://www3.aqmd.gov/webappl/fim/prog/novdetail.aspx?novid=P62622&notice_type=NOV&fac_id=49111,"FOR DISCHARGING SUCH QUANTITIES OF AIR CONTAMINANTS TO CAUSE INJURY, DETRIMENT, NUISANCE OR ANNOYANCE TO A CONSIDERABLE NUMBER OF PERSONS.",
49111,P62623,NAS,1344000.97,http://www3.aqmd.gov/webappl/fim/prog/novdetail.aspx?novid=P62623&notice_type=NOV&fac_id=49111,"FOR DISCHARGING SUCH QUANTITIES OF AIR CONTAMINANTS TO CAUSE INJURY, DETRIMENT, NUISANCE OR ANNOYANCE TO A CONSIDERABLE NUMBER OF PERSONS.",
49111,P62626,NAS,1344000.97,http://www3.aqmd.gov/webappl/fim/prog/novdetail.aspx?novid=P62626&notice_type=NOV&fac_id=49111,"FOR DISCHARGING SUCH QUANTITIES OF AIR CONTAMINANTS TO CAUSE INJURY, DETRIMENT, NUISANCE OR ANNOYANCE TO A CONSIDERABLE NUMBER OF PERSONS.",
49111,P62627,NAS,1344000.97,http://www3.aqmd.gov/webappl/fim/prog/novdetail.aspx?novid=P62627&notice_type=NOV&fac_id=49111,"FOR DISCHARGING SUCH QUANTITIES OF AIR CONTAMINANTS TO CAUSE INJURY, DETRIMENT, NUISANCE OR ANNOYANCE TO A CONSIDERABLE NUMBER OF PERSONS.",
49111,P62628,NAS,1344000.97,http://www3.aqmd.gov/webappl/fim/prog/novdetail.aspx?novid=P62628&notice_type=NOV&fac_id=49111,"FOR DISCHARGING SUCH QUANTITIES OF AIR CONTAMINANTS TO CAUSE INJURY, DETRIMENT, NUISANCE OR ANNOYANCE TO A CONSIDERABLE NUMBER OF PERSONS.",
49111,P62629,NAS,1344000.97,http://www3.aqmd.gov/webappl/fim/prog/novdetail.aspx?novid=P62629&notice_type=NOV&fac_id=49111,"FOR DISCHARGING SUCH QUANTITIES OF AIR CONTAMINANTS TO CAUSE INJURY, DETRIMENT, NUISANCE OR ANNOYANCE TO A CONSIDERABLE NUMBER OF PERSONS.",
49111,P62630,NAS,1344000.97,http://www3.aqmd.gov/webappl/fim/prog/novdetail.aspx?novid=P62630&notice_type=NOV&fac_id=49111,"For discharging such quanitities of air contaminants to cause injury, detriment, nuisance or annoyance to a considerable number of persons.",
49111,P62631,NAS,1344000.97,http://www3.aqmd.gov/webappl/fim/prog/novdetail.aspx?novid=P62631&notice_type=NOV&fac_id=49111,"For discharging such quantities of air contaminants to cause injury, detriment, muisance or annoyance to a considerable number of persons.",
49111,P62632,NAS,1344000.97,http://www3.aqmd.gov/webappl/fim/prog/novdetail.aspx?novid=P62632&notice_type=NOV&fac_id=49111,"FOR DISCHARGING SUCH QUANTITIES OF AIR CONTAMINANTS TO CAUSE INJURY, DETRIMENT, NUISANCE OR ANNOYANCE TO A CONSIDERABLE NUMBER OF PERSONS.",
49111,P62633,NAS,1344000.97,http://www3.aqmd.gov/webappl/fim/prog/novdetail.aspx?novid=P62633&notice_type=NOV&fac_id=49111,"FOR DISCHARGING SUCH QUANTITIES OF AIR CONTAMINANTS TO CAUSE INJURY, DETRIMENT, NUISANCE OR ANNOYANCE TO A CONSIDERABLE NUMBER OF PERSONS.",
49111,P62634,NAS,1344000.97,http://www3.aqmd.gov/webappl/fim/prog/novdetail.aspx?novid=P62634&notice_type=NOV&fac_id=49111,"FOR DISCHARGING SUCH QUANTITIES OF AIR CONTAMINANTS TO CAUSE INJURY, DETRIMENT, NUISANCE OR ANNOYANCE TO A CONSIDERABLE NUMBER OF PERSONS.",
49111,P62635,NAS,1344000.97,http://www3.aqmd.gov/webappl/fim/prog/novdetail.aspx?novid=P62635&notice_type=NOV&fac_id=49111,"FOR DISCHARGING SUCH QUANTITIES OF AIR CONTAMINANTS TO CAUSE INJURY, DETRIMENT, NUISANCE OR ANNOYANCE TO A CONSIDERABLE NUMBER OF PERSONS.",
49111,P62636,NAS,1344000.97,http://www3.aqmd.gov/webappl/fim/prog/novdetail.aspx?novid=P62636&notice_type=NOV&fac_id=49111,"FOR DISCHARGING SUCH QUANTITIES OF AIR CONTAMINANTS TO CAUSE INJURY, DETRIMENT, NUISANCE OR ANNOYANCE TO A CONSIDERABLE NUMBER OF PERSONS.",
49111,P62637,NAS,1344000.97,http://www3.aqmd.gov/webappl/fim/prog/novdetail.aspx?novid=P62637&notice_type=NOV&fac_id=49111,"FOR DISCHARGING SUCH QUANTITIES OF AIR CONTAMINANTS TO CAUSE INJURY, DETRIMENT, NUISANCE OR ANNOYANCE TO A CONSIDERABLE NUMBER OF PERSONS.",
49111,P62638,NAS,1344000.97,http://www3.aqmd.gov/webappl/fim/prog/novdetail.aspx?novid=P62638&notice_type=NOV&fac_id=49111,"FOR DISCHARGING SUCH QUANTITIES OF AIR CONTAMINANTS TO CAUSE INJURY, DETRIMENT, NUISANCE OR ANNOYANCE TO A CONSIDERABLE NUMBER OF PERSONS.",
49111,P62639,NAS,1344000.97,http://www3.aqmd.gov/webappl/fim/prog/novdetail.aspx?novid=P62639&notice_type=NOV&fac_id=49111,"FOR DISCHARGING SUCH QUANTITIES OF AIR CONTAMINANTS TO CAUSE INJURY, DETRIMENT, NUISANCE OR ANNOYANCE TO A CONSIDERABLE NUMBER OF PERSONS.",
49111,P62640,NAS,1344000.97,http://www3.aqmd.gov/webappl/fim/prog/novdetail.aspx?novid=P62640&notice_type=NOV&fac_id=49111,"FOR DISCHARGING SUCH QUANTITIES OF AIR CONTAMINANTS TO CAUSE INJURY, DETRIMENT, NUISANCE OR ANNOYANCE TO A CONSIDERABLE NUMBER OF PERSONS.",
49111,P62641,NAS,1344000.97,http://www3.aqmd.gov/webappl/fim/prog/novdetail.aspx?novid=P62641&notice_type=NOV&fac_id=49111,"FOR DISCHARGING SUCH QUANTITIES OF AIR CONTAMINANTS TO CAUSE INJURY, DETRIMENT, NUISANCE OR ANNOYANCE TO A CONSIDERABLE NUMBER OF PERSONS.",
49111,P62642,NAS,1344000.97,http://www3.aqmd.gov/webappl/fim/prog/novdetail.aspx?novid=P62642&notice_type=NOV&fac_id=49111,"FOR DISCHARGING SUCH QUANTITIES OF AIR CONTAMINANTS TO CAUSE INJURY, DETRIMENT, NUISANCE OR ANNOYANCE TO A CONSIDERABLE NUMBER OF PERSONS.",
49111,P62643,NAS,1344000.97,http://www3.aqmd.gov/webappl/fim/prog/novdetail.aspx?novid=P62643&notice_type=NOV&fac_id=49111,"FOR DISCHARGING SUCH QUANTITIES OF AIR CONTAMINANTS TO CAUSE INJURY, DETRIMENT, NUISANCE OR ANNOYANCE TO A CONSIDERABLE NUMBER OF PERSONS.",
49111,P62647,NAS,1344000.97,http://www3.aqmd.gov/webappl/fim/prog/novdetail.aspx?novid=P62647&notice_type=NOV&fac_id=49111,"FOR DISCHARGING SUCH QUANTITIES OF AIR CONTAMINANTS TO CAUSE INJURY, DETRIMENT, NUISANCE OR ANNOYANCE TO A CONSIDERABLE NUMBER OF PERSONS.",
49111,P62648,NAS,1344000.97,http://www3.aqmd.gov/webappl/fim/prog/novdetail.aspx?novid=P62648&notice_type=NOV&fac_id=49111,"FOR DISCHARGING SUCH QUANTITIES OF AIR CONTAMINANTS TO CAUSE INJURY, DETRIMENT, NUISANCE OR ANNOYANCE TO A CONSIDERABLE NUMBER OF PERSONS.",
49111,P62649,NAS,1344000.97,http://www3.aqmd.gov/webappl/fim/prog/novdetail.aspx?novid=P62649&notice_type=NOV&fac_id=49111,"FOR DISCHARGING SUCH QUANTITIES OF AIR CONTAMINANTS TO CAUSE INJURY, DETRIMENT, NUISANCE OR ANNOYANCE TO A CONSIDERABLE NUMBER OF PERSONS.",
49111,P63350,NAS,1344000.97,http://www3.aqmd.gov/webappl/fim/prog/novdetail.aspx?novid=P63350&notice_type=NOV&fac_id=49111,"DISCHARGING SUCH QUANTITIES OF AIR CONTAMINANTS TO CAUSE INJURY, DETRIMENT, NUISANCE OR ANNOYANCE TO A CONSIDERABLE NUMBER OF PERSONS.",
49111,P63356,NAS,1344000.97,http://www3.aqmd.gov/webappl/fim/prog/novdetail.aspx?novid=P63356&notice_type=NOV&fac_id=49111,"DISCHARGING SUCH QUANTITIES OF AIR CONTAMINANTS TO CAUSE INJURY, DETRIMENT, NUISANCE OR ANNOYANCE TO A CONSIDERABLE NUMBER OF PERSONS.",
49111,P63357,NAS,1344000.97,http://www3.aqmd.gov/webappl/fim/prog/novdetail.aspx?novid=P63357&notice_type=NOV&fac_id=49111,"DISCHARGING SUCH QUANTITIES OF AIR CONTAMINANTS TO CAUSE INJURY, DETRIMENT, NUISANCE OR ANNOYANCE TO A CONSIDERABLE NUMBER OF PERSONS.",
49111,P63358,NAS,1344000.97,http://www3.aqmd.gov/webappl/fim/prog/novdetail.aspx?novid=P63358&notice_type=NOV&fac_id=49111,"DISCHARGING SUCH QUANTITIES OF AIR CONTAMINANTS TO CAUSE INJURY, DETRIMENT, NUISANCE OR ANNOYANCE TO A CONSIDERABLE NUMBER OF PERSONS.",
49111,P63361,NAS,1344000.97,http://www3.aqmd.gov/webappl/fim/prog/novdetail.aspx?novid=P63361&notice_type=NOV&fac_id=49111,"FOR DISCHARGING SUCH QUANTITIES OF AIR CONTAMINANTS TO CAUSE INJURY, DETRIMENT, NUISANCE OR ANNOYANCE TO A CONSIDERABLE NUMBER OF PERSONS.",
49111,P63362,NAS,1344000.97,http://www3.aqmd.gov/webappl/fim/prog/novdetail.aspx?novid=P63362&notice_type=NOV&fac_id=49111,"FOR DISCHARGING SUCH QUANTITIES OF AIR CONTAMINANTS TO CAUSE INJURY, DETRIMENT, NUISANCE OR ANNOYANCE TO A CONSIDERABLE NUMBER OF PERSONS.",
49111,P63363,NAS,1344000.97,http://www3.aqmd.gov/webappl/fim/prog/novdetail.aspx?novid=P63363&notice_type=NOV&fac_id=49111,"FOR DISCHARGING SUCH QUANTITIES OF AIR CONTAMINANTS TO CAUSE INJURY, DETRIMENT, NUISANCE OR ANNOYANCE TO A CONSIDERABLE NUMBER OF PERSONS.",
49111,P63364,NAS,1344000.97,http://www3.aqmd.gov/webappl/fim/prog/novdetail.aspx?novid=P63364&notice_type=NOV&fac_id=49111,"FOR DISCHARGING SUCH QUANTITIES OF AIR CONTAMINANTS TO CAUSE INJURY, DETRIMENT, NUISANCE OR ANNOYANCE TO A CONSIDERABLE NUMBER OF PERSONS.",
49111,P64565,NAS,1344000.97,http://www3.aqmd.gov/webappl/fim/prog/novdetail.aspx?novid=P64565&notice_type=NOV&fac_id=49111,"For discharging such quantities of air contaminantsto cause injury, detriment, nuisnace or annoyance to a considerable number of persons.",
49111,P64702,NAS,1344000.97,http://www3.aqmd.gov/webappl/fim/prog/novdetail.aspx?novid=P64702&notice_type=NOV&fac_id=49111,"FOR DISCHARGING SUCH QUANTITIES OF AIR CONTAMINANTS TO CAUSE INJURY, DETRIMENT, NUISANCE OR ANNOYANCE TO A CONSIDERABLE NUMBER OF PERSONS.",
49111,P64703,NAS,1344000.97,http://www3.aqmd.gov/webappl/fim/prog/novdetail.aspx?novid=P64703&notice_type=NOV&fac_id=49111,"FOR DISCHARGING SUCH QUANTITIES OF AIR CONTAMINATS TO CAUSE INJURY, DETRIMENT, NUISANCE OR ANNOYANCE TO A CONSIDERABLE NUMBER OF PERSONS.",
49111,P64704,NAS,1344000.97,http://www3.aqmd.gov/webappl/fim/prog/novdetail.aspx?novid=P64704&notice_type=NOV&fac_id=49111,"FOR DISCHARGING SUCH QUANTITIES OF AIR CONTAMINANTS TO CAUSE INJURY, DETRIMENT, NUISANCE OR ANNOYANCE TO A CONSIDERABLE NUMBER OF PERSONS.",
49111,P64705,NAS,1344000.97,http://www3.aqmd.gov/webappl/fim/prog/novdetail.aspx?novid=P64705&notice_type=NOV&fac_id=49111,"FOR DISCHARGING SUCH QUANTITIES OF AIR CONTAMINANTS TO CAUSE INJURY, DETRIMENT, NUISANCE OR ANNOYANCE TO A CONSIDERABLE NUMBER OF PERSONS.",
49111,P64706,NAS,1344000.97,http://www3.aqmd.gov/webappl/fim/prog/novdetail.aspx?novid=P64706&notice_type=NOV&fac_id=49111,"FOR DISCHARGING SUCH QUANTITIES OF AIR CONTAMINANTS TO CAUSE INJURY, DETRIMENT, NUISANCE OR ANNOYANCE TO A CONSIDERABLE NUMBER OF PERSONS.",
49111,P64707,NAS,1344000.97,http://www3.aqmd.gov/webappl/fim/prog/novdetail.aspx?novid=P64707&notice_type=NOV&fac_id=49111,"FOR DISCHARGING SUCH QUANTITIES OF AIR CONTAMINANTS TO CAUSE INJURY, DETRIMENT, NUISANCE OR ANNOYANCE TO A CONSIDERABLE NUMBER OF PERSONS.",
49111,P64708,NAS,1344000.97,http://www3.aqmd.gov/webappl/fim/prog/novdetail.aspx?novid=P64708&notice_type=NOV&fac_id=49111,"FOR DISCHARGING SUCH QUANTITIES OF AIR CONTAMINANTS TO CAUSE INJURY, DETRIMENT, NUISANCE OR ANNOYANCE TO A CONSIDERABLE NUMBER OF PERSONS.",
49111,P64709,NAS,1344000.97,http://www3.aqmd.gov/webappl/fim/prog/novdetail.aspx?novid=P64709&notice_type=NOV&fac_id=49111,"FOR DISCHARGING SUCH QUANTITIES OF AIR CONTAMINANTS TO CAUSE INJURY, DETRIMENT, NUISANCE OR ANNOYANCE TO A CONSIDERABLE NUMBER OF PERSONS.",
49111,P64710,NAS,1344000.97,http://www3.aqmd.gov/webappl/fim/prog/novdetail.aspx?novid=P64710&notice_type=NOV&fac_id=49111,"FOR DISCHARGING SUCH QUANTITIES OF AIR CONTAMINANTS TO CAUSE INJURY, DETRIMENT, NUISANCE OR ANNOYANCE TO A CONSIDERABLE NUMBER OF PERSONS",
49111,P64711,NAS,1344000.97,http://www3.aqmd.gov/webappl/fim/prog/novdetail.aspx?novid=P64711&notice_type=NOV&fac_id=49111,"FOR DISCHARGING SUCH QUANTITIES OF AIR CONTAMINANTS TO CAUSE INJURY, DETRIMENT, NUISANCE OR ANNOYANCE TO A CONSIDERABLE NUMBER OF PERSONS",
49111,P64712,NAS,1344000.97,http://www3.aqmd.gov/webappl/fim/prog/novdetail.aspx?novid=P64712&notice_type=NOV&fac_id=49111,"FOR DISCHARGING SUCH QUANTITIES OF AIR CONTAMINANTS TO CAUSE INJURY, DETRIMENT, NUISANCE OR ANNOYANCE TO A CONSIDERABLE NUMBER OF PERSONS",
